Concept,Funny Description Prompt,text
A cactus at a dance party,"A cactus, wearing disco lights and surrounded by dance floor tiles, grooving to funky beats, with a sign that reads 'Hug me if you dare!'.","###Human:
Generate a midjourney prompt for A cactus at a dance party

###Assistant:
A cactus, wearing disco lights and surrounded by dance floor tiles, grooving to funky beats, with a sign that reads 'Hug me if you dare!'."
A robot on a first date,"A robot, with a bouquet of USB cables, nervously adjusting its antennas, at a romantic restaurant that serves electricity shots.","###Human:
Generate a midjourney prompt for A robot on a first date

###Assistant:
A robot, with a bouquet of USB cables, nervously adjusting its antennas, at a romantic restaurant that serves electricity shots."
A snail at a speed contest,"A snail, with a mini rocket booster, confidently lining up at the start line, with a crowd of cheering insects.","###Human:
Generate a midjourney prompt for A snail at a speed contest

###Assistant:
A snail, with a mini rocket booster, confidently lining up at the start line, with a crowd of cheering insects."
A penguin at a beach party,"A penguin, with sunscreen and a surfboard, trying to mingle with the seagulls, while sipping a cold ice drink.","###Human:
Generate a midjourney prompt for A penguin at a beach party

###Assistant:
A penguin, with sunscreen and a surfboard, trying to mingle with the seagulls, while sipping a cold ice drink."
A cloud in a bad mood,"A cloud, grumbling and dropping mini lightning bolts, attending an anger management session with other weather elements.","###Human:
Generate a midjourney prompt for A cloud in a bad mood

###Assistant:
A cloud, grumbling and dropping mini lightning bolts, attending an anger management session with other weather elements."
A book on a mystery adventure,"A book, wearing detective glasses, flipping through its own pages, trying to solve the cliffhanger it was left on.","###Human:
Generate a midjourney prompt for A book on a mystery adventure

###Assistant:
A book, wearing detective glasses, flipping through its own pages, trying to solve the cliffhanger it was left on."
A potato at a beauty pageant,"A potato, glamorously dressed and walking the ramp, while other veggies cheer, holding a sash that reads 'Miss Spudtacular'.","###Human:
Generate a midjourney prompt for A potato at a beauty pageant

###Assistant:
A potato, glamorously dressed and walking the ramp, while other veggies cheer, holding a sash that reads 'Miss Spudtacular'."
A feather trying to tickle everyone,"A feather, proudly wearing a comedian hat, attempting to tickle every bird in the sky.","###Human:
Generate a midjourney prompt for A feather trying to tickle everyone

###Assistant:
A feather, proudly wearing a comedian hat, attempting to tickle every bird in the sky."
A paintbrush dreaming of colorful worlds,"A paintbrush, with a palette of galaxies, dreaming of painting stars and nebulae.","###Human:
Generate a midjourney prompt for A paintbrush dreaming of colorful worlds

###Assistant:
A paintbrush, with a palette of galaxies, dreaming of painting stars and nebulae."
A key looking for its purpose,"A key, attending a self-discovery seminar, trying to unlock its own potential.","###Human:
Generate a midjourney prompt for A key looking for its purpose

###Assistant:
A key, attending a self-discovery seminar, trying to unlock its own potential."
A star wishing upon humans,"A star, with a telescope, curiously watching humans and making wishes for fun adventures.","###Human:
Generate a midjourney prompt for A star wishing upon humans

###Assistant:
A star, with a telescope, curiously watching humans and making wishes for fun adventures."
A mirror reflecting on its past,"A mirror, with old photographs, nostalgically reminiscing about the faces it once knew.","###Human:
Generate a midjourney prompt for A mirror reflecting on its past

###Assistant:
A mirror, with old photographs, nostalgically reminiscing about the faces it once knew."
A snail at a speed contest,"A snail, with a mini rocket booster, confidently lining up at the start line, with a crowd of cheering insects.","###Human:
Generate a midjourney prompt for A snail at a speed contest

###Assistant:
A snail, with a mini rocket booster, confidently lining up at the start line, with a crowd of cheering insects."
A penguin at a beach party,"A penguin, with sunscreen and a surfboard, trying to mingle with the seagulls, while sipping a cold ice drink.","###Human:
Generate a midjourney prompt for A penguin at a beach party

###Assistant:
A penguin, with sunscreen and a surfboard, trying to mingle with the seagulls, while sipping a cold ice drink."
A cloud in a bad mood,"A cloud, grumbling and dropping mini lightning bolts, attending an anger management session with other weather elements.","###Human:
Generate a midjourney prompt for A cloud in a bad mood

###Assistant:
A cloud, grumbling and dropping mini lightning bolts, attending an anger management session with other weather elements."
A book on a mystery adventure,"A book, wearing detective glasses, flipping through its own pages, trying to solve the cliffhanger it was left on.","###Human:
Generate a midjourney prompt for A book on a mystery adventure

###Assistant:
A book, wearing detective glasses, flipping through its own pages, trying to solve the cliffhanger it was left on."
A potato at a beauty pageant,"A potato, glamorously dressed and walking the ramp, while other veggies cheer, holding a sash that reads 'Miss Spudtacular'.","###Human:
Generate a midjourney prompt for A potato at a beauty pageant

###Assistant:
A potato, glamorously dressed and walking the ramp, while other veggies cheer, holding a sash that reads 'Miss Spudtacular'."
A spaceship at a traffic stop,"A spaceship, with a parking ticket on its windshield, arguing with a traffic alien cop, while other flying saucers zoom past.","###Human:
Generate a midjourney prompt for A spaceship at a traffic stop

###Assistant:
A spaceship, with a parking ticket on its windshield, arguing with a traffic alien cop, while other flying saucers zoom past."
A mountain practicing meditation,"A mountain, with a zen aura and floating pebbles around it, trying to find its inner peace, while tourists hike up.","###Human:
Generate a midjourney prompt for A mountain practicing meditation

###Assistant:
A mountain, with a zen aura and floating pebbles around it, trying to find its inner peace, while tourists hike up."
A coffee cup on a caffeine high,"A coffee cup, with jittery eyes and bouncing around, racing against energy drinks on a caffeinated track.","###Human:
Generate a midjourney prompt for A coffee cup on a caffeine high

###Assistant:
A coffee cup, with jittery eyes and bouncing around, racing against energy drinks on a caffeinated track."
A calendar going on a date,"A calendar, dressed up and looking nervous, meeting a diary for a romantic evening, with months cheering in the background.","###Human:
Generate a midjourney prompt for A calendar going on a date

###Assistant:
A calendar, dressed up and looking nervous, meeting a diary for a romantic evening, with months cheering in the background."
A flashlight scared of the dark,"A flashlight, hiding under a blanket, holding a tiny lantern, trying to ward off the looming shadows.","###Human:
Generate a midjourney prompt for A flashlight scared of the dark

###Assistant:
A flashlight, hiding under a blanket, holding a tiny lantern, trying to ward off the looming shadows."
A doughnut in a gym,"A doughnut, sweating icing, lifting tiny dumbbells, trying to get in shape for the dessert competition.","###Human:
Generate a midjourney prompt for A doughnut in a gym

###Assistant:
A doughnut, sweating icing, lifting tiny dumbbells, trying to get in shape for the dessert competition."
A balloon with altitude sickness,"A balloon, wearing a mountain climbing hat, floating higher and higher, looking dizzy and holding its head.","###Human:
Generate a midjourney prompt for A balloon with altitude sickness

###Assistant:
A balloon, wearing a mountain climbing hat, floating higher and higher, looking dizzy and holding its head."
A refrigerator with cold feet,"A refrigerator, wearing fuzzy socks, shivering and trying to warm up with a cup of hot cocoa.","###Human:
Generate a midjourney prompt for A refrigerator with cold feet

###Assistant:
A refrigerator, wearing fuzzy socks, shivering and trying to warm up with a cup of hot cocoa."
A guitar with string tension,"A guitar, attending a therapy session, discussing the pressure of always being strung along.","###Human:
Generate a midjourney prompt for A guitar with string tension

###Assistant:
A guitar, attending a therapy session, discussing the pressure of always being strung along."
A pancake flipping out,"A pancake, on a trampoline, literally flipping out, while syrup bottles cheer from the sidelines.","###Human:
Generate a midjourney prompt for A pancake flipping out

###Assistant:
A pancake, on a trampoline, literally flipping out, while syrup bottles cheer from the sidelines."
A cactus craving water,"A cactus, with a tiny straw, trying to sip from a mirage in the desert, looking thirstier with every attempt.","###Human:
Generate a midjourney prompt for A cactus craving water

###Assistant:
A cactus, with a tiny straw, trying to sip from a mirage in the desert, looking thirstier with every attempt."
A shoe with a sole purpose,"A shoe, in deep contemplation, wondering if its sole purpose is to just be stepped on every day.","###Human:
Generate a midjourney prompt for A shoe with a sole purpose

###Assistant:
A shoe, in deep contemplation, wondering if its sole purpose is to just be stepped on every day."
A clock running out of time,"A clock, with sneakers on, racing against a younger digital watch, hoping it doesn't run out of time.","###Human:
Generate a midjourney prompt for A clock running out of time

###Assistant:
A clock, with sneakers on, racing against a younger digital watch, hoping it doesn't run out of time."
A sandwich feeling pressed,"A sandwich, in a spa, getting a relaxing press from a panini machine, while cucumbers cover its eyes.","###Human:
Generate a midjourney prompt for A sandwich feeling pressed

###Assistant:
A sandwich, in a spa, getting a relaxing press from a panini machine, while cucumbers cover its eyes."
A computer with an emotional chip,"A computer, shedding binary tears, attending a support group for outdated gadgets, sharing its feelings in code.","###Human:
Generate a midjourney prompt for A computer with an emotional chip

###Assistant:
A computer, shedding binary tears, attending a support group for outdated gadgets, sharing its feelings in code."
A pillow fighting sleep,"A pillow, with heavy eyelids, chugging energy drinks, determined not to fall asleep during the pillow fight.","###Human:
Generate a midjourney prompt for A pillow fighting sleep

###Assistant:
A pillow, with heavy eyelids, chugging energy drinks, determined not to fall asleep during the pillow fight."
A mug having a coffee break,"A mug, lounging on a beach chair, sipping from a smaller mug, truly understanding the essence of a coffee break.","###Human:
Generate a midjourney prompt for A mug having a coffee break

###Assistant:
A mug, lounging on a beach chair, sipping from a smaller mug, truly understanding the essence of a coffee break."
A key feeling locked out,"A key, sitting dejectedly on the doorstep, feeling locked out of its own life, while the door smirks behind.","###Human:
Generate a midjourney prompt for A key feeling locked out

###Assistant:
A key, sitting dejectedly on the doorstep, feeling locked out of its own life, while the door smirks behind."
A battery feeling drained,"A battery, with a weary expression, attending a yoga class, hoping to recharge its inner energy.","###Human:
Generate a midjourney prompt for A battery feeling drained

###Assistant:
A battery, with a weary expression, attending a yoga class, hoping to recharge its inner energy."
A kite with high aspirations,"A kite, wearing aviator goggles, soaring above the clouds, dreaming of joining the elite jet club.","###Human:
Generate a midjourney prompt for A kite with high aspirations

###Assistant:
A kite, wearing aviator goggles, soaring above the clouds, dreaming of joining the elite jet club."
A pen under writer's block,"A pen, staring at a blank page, attending a seminar on overcoming writer's block, hoping to ink its thoughts again.","###Human:
Generate a midjourney prompt for A pen under writer's block

###Assistant:
A pen, staring at a blank page, attending a seminar on overcoming writer's block, hoping to ink its thoughts again."
A wallet on a budget diet,"A wallet, munching on financial lettuce, joining a budget fitness program to slim down its expenses.","###Human:
Generate a midjourney prompt for A wallet on a budget diet

###Assistant:
A wallet, munching on financial lettuce, joining a budget fitness program to slim down its expenses."
A broom sweeping its problems,"A broom, in a therapy session, talking about how it always feels the need to sweep its problems under the rug.","###Human:
Generate a midjourney prompt for A broom sweeping its problems

###Assistant:
A broom, in a therapy session, talking about how it always feels the need to sweep its problems under the rug."
A map lost in direction,"A map, scratching its landmarks, in a maze, trying to find itself and its true north.","###Human:
Generate a midjourney prompt for A map lost in direction

###Assistant:
A map, scratching its landmarks, in a maze, trying to find itself and its true north."
A light bulb having an idea,"A light bulb, in an 'Aha!' pose, attending an innovation conference, presenting its latest bright idea.","###Human:
Generate a midjourney prompt for A light bulb having an idea

###Assistant:
A light bulb, in an 'Aha!' pose, attending an innovation conference, presenting its latest bright idea."
A pizza with topping issues,"A pizza, attending a topping therapy session, trying to feel less cheesy and more saucy.","###Human:
Generate a midjourney prompt for A pizza with topping issues

###Assistant:
A pizza, attending a topping therapy session, trying to feel less cheesy and more saucy."
A cookie crumbling under pressure,"A cookie, in a stress-relief workshop, learning techniques to not crumble under pressure.","###Human:
Generate a midjourney prompt for A cookie crumbling under pressure

###Assistant:
A cookie, in a stress-relief workshop, learning techniques to not crumble under pressure."
A stapler that's stuck in a bind,"A stapler, at a retreat, trying to unbind from its past attachments and start afresh.","###Human:
Generate a midjourney prompt for A stapler that's stuck in a bind

###Assistant:
A stapler, at a retreat, trying to unbind from its past attachments and start afresh."
A watch that's out of its time,"A watch, in a time management seminar, figuring out how to make the most of its ticking moments.","###Human:
Generate a midjourney prompt for A watch that's out of its time

###Assistant:
A watch, in a time management seminar, figuring out how to make the most of its ticking moments."
A plant with growth concerns,"A plant, in a personal growth class, looking to branch out and bloom in new directions.","###Human:
Generate a midjourney prompt for A plant with growth concerns

###Assistant:
A plant, in a personal growth class, looking to branch out and bloom in new directions."
A mirror reflecting on its past,"A mirror, in a reflection group, pondering its clarity and purpose in the world.","###Human:
Generate a midjourney prompt for A mirror reflecting on its past

###Assistant:
A mirror, in a reflection group, pondering its clarity and purpose in the world."
A sock looking for its other half,"A sock, on a quest, journeying through the laundry world, hoping to reunite with its lost twin.","###Human:
Generate a midjourney prompt for A sock looking for its other half

###Assistant:
A sock, on a quest, journeying through the laundry world, hoping to reunite with its lost twin."
A phone with connection issues,"A phone, in a digital detox camp, trying to reconnect with its inner self and the real world.","###Human:
Generate a midjourney prompt for A phone with connection issues

###Assistant:
A phone, in a digital detox camp, trying to reconnect with its inner self and the real world."
A book judging by its cover,"A book, at a cover design workshop, understanding that sometimes, appearances do matter.","###Human:
Generate a midjourney prompt for A book judging by its cover

###Assistant:
A book, at a cover design workshop, understanding that sometimes, appearances do matter."
A cat with purr-suasion skills,"A cat, in a charisma class, mastering the art of purr-suasion and feline charm.","###Human:
Generate a midjourney prompt for A cat with purr-suasion skills

###Assistant:
A cat, in a charisma class, mastering the art of purr-suasion and feline charm."
A dog barking up the wrong tree,"A dog, in a communication session, learning that sometimes it's better to wag and not bark.","###Human:
Generate a midjourney prompt for A dog barking up the wrong tree

###Assistant:
A dog, in a communication session, learning that sometimes it's better to wag and not bark."
A fish out of water,"A fish, in a swimming school, trying to make a splash and not just go with the flow.","###Human:
Generate a midjourney prompt for A fish out of water

###Assistant:
A fish, in a swimming school, trying to make a splash and not just go with the flow."
A tape measure going the extra mile,"A tape measure, at a stretching yoga class, hoping to extend its reach and flexibility.","###Human:
Generate a midjourney prompt for A tape measure going the extra mile

###Assistant:
A tape measure, at a stretching yoga class, hoping to extend its reach and flexibility."
A lemon with a zest for life,"A lemon, at a zest fest, celebrating its tangy essence and adding flavor to life.","###Human:
Generate a midjourney prompt for A lemon with a zest for life

###Assistant:
A lemon, at a zest fest, celebrating its tangy essence and adding flavor to life."
A tomato feeling saucy,"A tomato, in a salsa dance class, turning up the heat and moving to the rhythm.","###Human:
Generate a midjourney prompt for A tomato feeling saucy

###Assistant:
A tomato, in a salsa dance class, turning up the heat and moving to the rhythm."
A hat thinking cap-side down,"A hat, at a thinking workshop, turning things upside down to get a new perspective.","###Human:
Generate a midjourney prompt for A hat thinking cap-side down

###Assistant:
A hat, at a thinking workshop, turning things upside down to get a new perspective."
A shoe that's laced with humor,"A shoe, in a knot-tying event, learning the ropes and hoping not to trip up.","###Human:
Generate a midjourney prompt for A shoe that's laced with humor

###Assistant:
A shoe, in a knot-tying event, learning the ropes and hoping not to trip up."
A card playing its hands right,"A card, at a poker face school, trying to play its cards right and not reveal its hand.","###Human:
Generate a midjourney prompt for A card playing its hands right

###Assistant:
A card, at a poker face school, trying to play its cards right and not reveal its hand."
A dice rolling with the punches,"A dice, in a probability class, rolling with the chances and hoping for a lucky number.","###Human:
Generate a midjourney prompt for A dice rolling with the punches

###Assistant:
A dice, in a probability class, rolling with the chances and hoping for a lucky number."
A cake rising to the occasion,"A cake, in a baking masterclass, rising to the challenge and hoping to be a sweet success.","###Human:
Generate a midjourney prompt for A cake rising to the occasion

###Assistant:
A cake, in a baking masterclass, rising to the challenge and hoping to be a sweet success."
A spoon stirring up trouble,"A spoon, in a culinary art session, stirring up creativity and dishing out innovation.","###Human:
Generate a midjourney prompt for A spoon stirring up trouble

###Assistant:
A spoon, in a culinary art session, stirring up creativity and dishing out innovation."
A carrot with eyesight issues,"A carrot, at an eye clinic, hoping to enhance its vision and see a brighter future.","###Human:
Generate a midjourney prompt for A carrot with eyesight issues

###Assistant:
A carrot, at an eye clinic, hoping to enhance its vision and see a brighter future."
A bell that's lost its ring,"A bell, in a music lesson, trying to find its ringing tune and chime in harmony.","###Human:
Generate a midjourney prompt for A bell that's lost its ring

###Assistant:
A bell, in a music lesson, trying to find its ringing tune and chime in harmony."
A drum that's beat,"A drum, at a rhythm retreat, beating the odds and resonating with its inner sound.","###Human:
Generate a midjourney prompt for A drum that's beat

###Assistant:
A drum, at a rhythm retreat, beating the odds and resonating with its inner sound."
A guitar stringing along,"A guitar, in a string theory class, hoping to tune into the universe and strum the chords of reality.","###Human:
Generate a midjourney prompt for A guitar stringing along

###Assistant:
A guitar, in a string theory class, hoping to tune into the universe and strum the chords of reality."
A moon with sunburn,"A moon, applying aloe vera, after a sunny day, regretting not using SPF infinity.","###Human:
Generate a midjourney prompt for A moon with sunburn

###Assistant:
A moon, applying aloe vera, after a sunny day, regretting not using SPF infinity."
A ghost attending a visibility workshop,"A ghost, with a projector and screen, trying to make itself seen in the spirit world.","###Human:
Generate a midjourney prompt for A ghost attending a visibility workshop

###Assistant:
A ghost, with a projector and screen, trying to make itself seen in the spirit world."
A snowman with a melting personality,"A snowman, in a self-help group, discussing its fluid personality and summer anxiety.","###Human:
Generate a midjourney prompt for A snowman with a melting personality

###Assistant:
A snowman, in a self-help group, discussing its fluid personality and summer anxiety."
A scarecrow promoted to manager,"A scarecrow, in a sharp suit, leading a meeting with crows, setting productivity targets for the field.","###Human:
Generate a midjourney prompt for A scarecrow promoted to manager

###Assistant:
A scarecrow, in a sharp suit, leading a meeting with crows, setting productivity targets for the field."
A doughnut with a midlife hole crisis,"A doughnut, in deep introspection, wondering if the hole in its center is existential or just plain sugar.","###Human:
Generate a midjourney prompt for A doughnut with a midlife hole crisis

###Assistant:
A doughnut, in deep introspection, wondering if the hole in its center is existential or just plain sugar."
A printer in color therapy,"A printer, in a rainbow room, trying to add more color to its pages and life.","###Human:
Generate a midjourney prompt for A printer in color therapy

###Assistant:
A printer, in a rainbow room, trying to add more color to its pages and life."
A chair with standing ovation dreams,"A chair, daydreaming of applause, envisioning a world where it's no longer just sat upon.","###Human:
Generate a midjourney prompt for A chair with standing ovation dreams

###Assistant:
A chair, daydreaming of applause, envisioning a world where it's no longer just sat upon."
An egg cracking up at a yolk,"An egg, at a comedy club, laughing so hard it cracks up at every egg-centric joke.","###Human:
Generate a midjourney prompt for An egg cracking up at a yolk

###Assistant:
An egg, at a comedy club, laughing so hard it cracks up at every egg-centric joke."
A keyboard typing its own story,"A keyboard, late at night, typing its memoirs and revealing secret chats.","###Human:
Generate a midjourney prompt for A keyboard typing its own story

###Assistant:
A keyboard, late at night, typing its memoirs and revealing secret chats."
A feather feeling light-headed,"A feather, in a dizziness clinic, trying to stay grounded and not float away.","###Human:
Generate a midjourney prompt for A feather feeling light-headed

###Assistant:
A feather, in a dizziness clinic, trying to stay grounded and not float away."
A vampire brushing his fangs,"A vampire, with toothpaste and brush, ensuring his fangs are pearly white for the next bite.","###Human:
Generate a midjourney prompt for A vampire brushing his fangs

###Assistant:
A vampire, with toothpaste and brush, ensuring his fangs are pearly white for the next bite."
A chocolate bar resisting temptation,"A chocolate bar, in a meditation session, resisting the urge to become someone's snack.","###Human:
Generate a midjourney prompt for A chocolate bar resisting temptation

###Assistant:
A chocolate bar, in a meditation session, resisting the urge to become someone's snack."
A paper plane with jet ambitions,"A paper plane, in a flight simulator, practicing loops and dreaming of jet engines.","###Human:
Generate a midjourney prompt for A paper plane with jet ambitions

###Assistant:
A paper plane, in a flight simulator, practicing loops and dreaming of jet engines."
A rubber band stretching its potential,"A rubber band, in a flexibility workshop, aiming to stretch beyond its limits without snapping.","###Human:
Generate a midjourney prompt for A rubber band stretching its potential

###Assistant:
A rubber band, in a flexibility workshop, aiming to stretch beyond its limits without snapping."
A glue stick afraid of commitment,"A glue stick, in relationship counseling, discussing its fear of sticking with decisions.","###Human:
Generate a midjourney prompt for A glue stick afraid of commitment

###Assistant:
A glue stick, in relationship counseling, discussing its fear of sticking with decisions."
A watermelon seed hoping to sprout,Ellipsis,"###Human:
Generate a midjourney prompt for A watermelon seed hoping to sprout

###Assistant:
Ellipsis"
A pencil drawing conclusions,"A glue stick, in couples therapy, discussing its fear of bonding and sticking things out.","###Human:
Generate a midjourney prompt for A pencil drawing conclusions

###Assistant:
A glue stick, in couples therapy, discussing its fear of bonding and sticking things out."
A candle with a burning question,"A watermelon seed, at a growth seminar, learning how to blossom into a juicy fruit.","###Human:
Generate a midjourney prompt for A candle with a burning question

###Assistant:
A watermelon seed, at a growth seminar, learning how to blossom into a juicy fruit."
A calculator counting its blessings,"A pencil, in a detective hat, drawing its own conclusions and solving sketchy mysteries.","###Human:
Generate a midjourney prompt for A calculator counting its blessings

###Assistant:
A pencil, in a detective hat, drawing its own conclusions and solving sketchy mysteries."
A windmill taking things for a spin,"A candle, at an interrogation table, with a burning question and lighting up the truth.","###Human:
Generate a midjourney prompt for A windmill taking things for a spin

###Assistant:
A candle, at an interrogation table, with a burning question and lighting up the truth."
A screw with a twisted sense of humor,"A calculator, in a mindfulness class, learning to count its blessings and add positivity.","###Human:
Generate a midjourney prompt for A screw with a twisted sense of humor

###Assistant:
A calculator, in a mindfulness class, learning to count its blessings and add positivity."
A muffin having a crumby day,"A windmill, on a dance floor, taking its blades for a spin and grooving to the breezy beats.","###Human:
Generate a midjourney prompt for A muffin having a crumby day

###Assistant:
A windmill, on a dance floor, taking its blades for a spin and grooving to the breezy beats."
A teapot spouting off opinions,"A screw, at a comedy stand-up, delivering twisted jokes that have the audience in splits.","###Human:
Generate a midjourney prompt for A teapot spouting off opinions

###Assistant:
A screw, at a comedy stand-up, delivering twisted jokes that have the audience in splits."
A marshmallow feeling too soft,"A muffin, having a rough day, shedding crumbs and hoping for a butter tomorrow.","###Human:
Generate a midjourney prompt for A marshmallow feeling too soft

###Assistant:
A muffin, having a rough day, shedding crumbs and hoping for a butter tomorrow."
A needle threading its way,"A teapot, on a debate stage, confidently spouting its brewed opinions and steaming arguments.","###Human:
Generate a midjourney prompt for A needle threading its way

###Assistant:
A teapot, on a debate stage, confidently spouting its brewed opinions and steaming arguments."
A muffin having a breakout,"A muffin, at a dermatologist, dealing with sudden chocolate chip breakouts and hoping for a smooth complexion.","###Human:
Generate a midjourney prompt for A muffin having a breakout

###Assistant:
A muffin, at a dermatologist, dealing with sudden chocolate chip breakouts and hoping for a smooth complexion."
A spaceship with parking anxiety,"A spaceship, in a parking tutorial, trying to perfect the art of landing without causing intergalactic incidents.","###Human:
Generate a midjourney prompt for A spaceship with parking anxiety

###Assistant:
A spaceship, in a parking tutorial, trying to perfect the art of landing without causing intergalactic incidents."
A lemon running a juice bar,"A lemon, owning a trendy juice bar, squeezing competitors with its tangy deals and zesty customer service.","###Human:
Generate a midjourney prompt for A lemon running a juice bar

###Assistant:
A lemon, owning a trendy juice bar, squeezing competitors with its tangy deals and zesty customer service."
A volcano with a cool temper,"A volcano, attending anger management, learning to cool down and not blow its top over minor tectonic issues.","###Human:
Generate a midjourney prompt for A volcano with a cool temper

###Assistant:
A volcano, attending anger management, learning to cool down and not blow its top over minor tectonic issues."
A rainbow chasing its colors,"A rainbow, at a color therapy retreat, trying to harmonize its shades and avoid overcasting its own beauty.","###Human:
Generate a midjourney prompt for A rainbow chasing its colors

###Assistant:
A rainbow, at a color therapy retreat, trying to harmonize its shades and avoid overcasting its own beauty."
A ghost attending a transparency meeting,"A ghost, in a corporate workshop, understanding the importance of transparency and ethereal leadership.","###Human:
Generate a midjourney prompt for A ghost attending a transparency meeting

###Assistant:
A ghost, in a corporate workshop, understanding the importance of transparency and ethereal leadership."
A moon having a lightbulb moment,"A moon, at an enlightenment seminar, flicking on its inner light and illuminating lunar philosophies.","###Human:
Generate a midjourney prompt for A moon having a lightbulb moment

###Assistant:
A moon, at an enlightenment seminar, flicking on its inner light and illuminating lunar philosophies."
A notebook with paper-thin confidence,"A notebook, in a self-help group, discussing its paper-thin self-esteem and binding life issues.","###Human:
Generate a midjourney prompt for A notebook with paper-thin confidence

###Assistant:
A notebook, in a self-help group, discussing its paper-thin self-esteem and binding life issues."
A chocolate bar melting under stress,"A chocolate bar, in a meditation freezer, focusing on inner calm to avoid melting under life's heat.","###Human:
Generate a midjourney prompt for A chocolate bar melting under stress

###Assistant:
A chocolate bar, in a meditation freezer, focusing on inner calm to avoid melting under life's heat."
A tree logging into nature's network,"A tree, in a tech forest, logging onto nature's internet and syncing with the woodland cloud.","###Human:
Generate a midjourney prompt for A tree logging into nature's network

###Assistant:
A tree, in a tech forest, logging onto nature's internet and syncing with the woodland cloud."
An iceberg in a heated argument,"An iceberg, in a debate club, keeping cool while presenting solid arguments and breaking the ice with humor.","###Human:
Generate a midjourney prompt for An iceberg in a heated argument

###Assistant:
An iceberg, in a debate club, keeping cool while presenting solid arguments and breaking the ice with humor."
A river flowing with emotions,"A river, in a flow workshop, channeling its emotions and meandering through life's twists and turns.","###Human:
Generate a midjourney prompt for A river flowing with emotions

###Assistant:
A river, in a flow workshop, channeling its emotions and meandering through life's twists and turns."
A feather feeling light-headed,"A feather, at an airiness class, floating through topics and not letting weighty matters get it down.","###Human:
Generate a midjourney prompt for A feather feeling light-headed

###Assistant:
A feather, at an airiness class, floating through topics and not letting weighty matters get it down."
A cello stringing its emotions,"A cello, in a music therapy session, stringing together its feelings and resonating with harmonic emotions.","###Human:
Generate a midjourney prompt for A cello stringing its emotions

###Assistant:
A cello, in a music therapy session, stringing together its feelings and resonating with harmonic emotions."
A rubber band stretching its potential,"A rubber band, at a flexibility gym, working out its elasticity and rebounding from stretchy situations.","###Human:
Generate a midjourney prompt for A rubber band stretching its potential

###Assistant:
A rubber band, at a flexibility gym, working out its elasticity and rebounding from stretchy situations."
A glue stick feeling attached,"A glue stick, in a bonding seminar, understanding the stickiness of attachments and adhesive relationships.","###Human:
Generate a midjourney prompt for A glue stick feeling attached

###Assistant:
A glue stick, in a bonding seminar, understanding the stickiness of attachments and adhesive relationships."
A cheese slice feeling the grate pressure,"A cheese slice, at a gourmet therapy, coping with the grate expectations of the dairy world.","###Human:
Generate a midjourney prompt for A cheese slice feeling the grate pressure

###Assistant:
A cheese slice, at a gourmet therapy, coping with the grate expectations of the dairy world."
A grape whining about life,"A grape, in a wine meditation group, reflecting on its juiced life and fermenting its future plans.","###Human:
Generate a midjourney prompt for A grape whining about life

###Assistant:
A grape, in a wine meditation group, reflecting on its juiced life and fermenting its future plans."
A sunflower seeking sunlight,"A sunflower, in a solar yoga class, turning its petals towards positivity and blooming in sunlight.","###Human:
Generate a midjourney prompt for A sunflower seeking sunlight

###Assistant:
A sunflower, in a solar yoga class, turning its petals towards positivity and blooming in sunlight."
A popsicle chilling out,"A popsicle, at a coolness retreat, chilling with ice cream cones and freezing out melt-down moments.","###Human:
Generate a midjourney prompt for A popsicle chilling out

###Assistant:
A popsicle, at a coolness retreat, chilling with ice cream cones and freezing out melt-down moments."
A donut feeling the hole emptiness,"A donut, in existential bakery therapy, pondering the void in its center and the wholeness of its dough.","###Human:
Generate a midjourney prompt for A donut feeling the hole emptiness

###Assistant:
A donut, in existential bakery therapy, pondering the void in its center and the wholeness of its dough."
A pineapple with a prickly attitude,"A pineapple, in a prickly personality class, softening its spikes and sweetening its core interactions.","###Human:
Generate a midjourney prompt for A pineapple with a prickly attitude

###Assistant:
A pineapple, in a prickly personality class, softening its spikes and sweetening its core interactions."
A calculator crunching life's problems,"A calculator, at a problem-solving workshop, crunching numbers and adding value to computations.","###Human:
Generate a midjourney prompt for A calculator crunching life's problems

###Assistant:
A calculator, at a problem-solving workshop, crunching numbers and adding value to computations."
A kite reaching new heights,"A kite, in an altitude adjustment session, untangling its string issues and soaring to new perspectives.","###Human:
Generate a midjourney prompt for A kite reaching new heights

###Assistant:
A kite, in an altitude adjustment session, untangling its string issues and soaring to new perspectives."
A teddy bear feeling stuffed,"A teddy bear, in a fluff mindfulness group, embracing its stuffed emotions and cuddling with self-love.","###Human:
Generate a midjourney prompt for A teddy bear feeling stuffed

###Assistant:
A teddy bear, in a fluff mindfulness group, embracing its stuffed emotions and cuddling with self-love."
